CREATE TABLE acts (
  id INTEGER PRIMAY KEY,
  notes varchar(255) DEFAULT NULL,
  title varchar(255) DEFAULT NULL,
  type int(11) DEFAULT NULL,
  year int(11) NOT NULL
);

INSERT INTO acts VALUES (100,NULL,'Star Wars Bloopers',0,2001);
INSERT INTO acts VALUES (49,NULL,'Bruce Springsteen',1,0);
INSERT INTO acts VALUES (43,NULL,'Bob Sieger',1,0);
INSERT INTO acts VALUES (42,NULL,'Coldplay',1,0);
INSERT INTO acts VALUES (41,NULL,'AC/DC',1,0);
INSERT INTO acts VALUES (39,NULL,'Metallica',1,0);
INSERT INTO acts VALUES (38,NULL,'One Direction',1,0);
INSERT INTO acts VALUES (37,NULL,'Luke Bryan',1,0);
INSERT INTO acts VALUES (36,NULL,'Lana Del Rey',1,0);
INSERT INTO acts VALUES (35,NULL,'Kenny Chesney',1,0);
INSERT INTO acts VALUES (34,NULL,'Houston Rodeo',1,0);
INSERT INTO acts VALUES (33,NULL,'Garth Brooks',1,0);
INSERT INTO acts VALUES (32,NULL,'Foo Fighters',1,0);
INSERT INTO acts VALUES (31,NULL,'Fleetwood Mac',1,0);
INSERT INTO acts VALUES (30,NULL,'Bob Seger',1,0);
INSERT INTO acts VALUES (29,NULL,'Billy Joel',1,0);
INSERT INTO acts VALUES (28,NULL,'Bette Midler',1,0);
INSERT INTO acts VALUES (27,NULL,'Ariana Grande',1,0);
INSERT INTO acts VALUES (26,NULL,'Wynonna Judd',1,0);
INSERT INTO acts VALUES (25,NULL,'U2',1,0);
INSERT INTO acts VALUES (24,NULL,'Toronto Symphony Orchestra',1,0);
INSERT INTO acts VALUES (23,NULL,'The Who',1,0);
INSERT INTO acts VALUES (22,NULL,'The Twinkies',1,0);
INSERT INTO acts VALUES (21,NULL,'The Script',1,0);
INSERT INTO acts VALUES (20,NULL,'The Eagles',1,0);
INSERT INTO acts VALUES (19,NULL,'The Clash',1,0);
INSERT INTO acts VALUES (18,NULL,'Taylor Swift',1,0);
INSERT INTO acts VALUES (17,NULL,'Rod Stewart',1,0);
INSERT INTO acts VALUES (16,NULL,'Neil Diamond',1,0);
INSERT INTO acts VALUES (15,NULL,'Meghan Trainor',1,0);
INSERT INTO acts VALUES (14,NULL,'Maroon 5',1,0);
INSERT INTO acts VALUES (13,NULL,'Los Angeles Philharmonic',1,0);
INSERT INTO acts VALUES (12,NULL,'London Symphony',1,0);
INSERT INTO acts VALUES (11,NULL,'Leonard Cohen',1,0);
INSERT INTO acts VALUES (10,NULL,'Lady Gaga',1,0);
INSERT INTO acts VALUES (9,NULL,'Kenny Chesney',1,0);
INSERT INTO acts VALUES (8,NULL,'Justin Bieber',1,0);
INSERT INTO acts VALUES (7,NULL,'Garth Brooks',1,0);
INSERT INTO acts VALUES (6,NULL,'Foo Fighters',1,0);
INSERT INTO acts VALUES (5,NULL,'Eric Clapton',1,0);
INSERT INTO acts VALUES (4,NULL,'Eddie Money ',1,0);
INSERT INTO acts VALUES (3,NULL,'Boston Pops',1,0);
INSERT INTO acts VALUES (2,NULL,'Beach Boys',1,0);
INSERT INTO acts VALUES (1,NULL,'Rush',1,0);
INSERT INTO acts VALUES (201,NULL,'Sun Never Sets: The Musical',2,0);
INSERT INTO acts VALUES (202,NULL,'Nicks vs Raptors',3,0);
INSERT INTO acts VALUES (203,NULL,'Blue Jays vs Mets',3,0);
INSERT INTO acts VALUES (204,NULL,'Red Sox vs Maple Leafs',3,0);
INSERT INTO acts VALUES (205,NULL,'Blackhawks vs Canucks',3,0);
INSERT INTO acts VALUES (206,NULL,'Real Madrid vs Barcelona',3,0);
INSERT INTO acts VALUES (52,NULL,'Sun Never Sets: The Musical',2,0);
INSERT INTO acts VALUES (53,NULL,'Nicks vs Raptors',3,0);
INSERT INTO acts VALUES (54,NULL,'Blue Jays vs Mets',3,0);
INSERT INTO acts VALUES (55,NULL,'Red Sox vs Maple Leafs',3,0);
INSERT INTO acts VALUES (56,NULL,'Blackhawks vs Canucks',3,0);
INSERT INTO acts VALUES (57,NULL,'Real Madrid vs Barcelona',3,0);
INSERT INTO acts VALUES (103,NULL,'Sun Never Sets: The Musical',2,0);
INSERT INTO acts VALUES (104,NULL,'Nicks vs Raptors',3,0);
INSERT INTO acts VALUES (105,NULL,'Blue Jays vs Mets',3,0);
INSERT INTO acts VALUES (106,NULL,'Red Sox vs Maple Leafs',3,0);
INSERT INTO acts VALUES (107,NULL,'Blackhawks vs Canucks',3,0);
INSERT INTO acts VALUES (108,NULL,'Real Madrid vs Barcelona',3,0);
INSERT INTO acts VALUES (154,NULL,'Sun Never Sets: The Musical',2,0);
INSERT INTO acts VALUES (155,NULL,'Nicks vs Raptors',3,0);
INSERT INTO acts VALUES (156,NULL,'Blue Jays vs Mets',3,0);
INSERT INTO acts VALUES (157,NULL,'Red Sox vs Maple Leafs',3,0);
INSERT INTO acts VALUES (158,NULL,'Blackhawks vs Canucks',3,0);
INSERT INTO acts VALUES (159,NULL,'Real Madrid vs Barcelona',3,0);

CREATE TABLE acts_events (
  acts_id bigint(20) NOT NULL,
  events_id bigint(20) NOT NULL,
  FOREIGN KEY (events_id) REFERENCES events (id),
  FOREIGN KEY (acts_id) REFERENCES acts (id)
);

CREATE TABLE admin (
  id INTEGER PRIMARY KEY,
  FOREIGN KEY (id) REFERENCES people (id)
);

CREATE TABLE auditoriums (
  id INTEGER PRIMARY KEY,
  address varchar(255) DEFAULT NULL,
  name varchar(255) DEFAULT NULL,
  venue_id bigint(20) DEFAULT NULL,
  FOREIGN KEY (venue_id) REFERENCES venues (id)
);

CREATE TABLE customers (
  id INTEGER PRIMARY KEY,
  FOREIGN KEY (id) REFERENCES people (id)
);

CREATE TABLE events (
  id INTEGER PRIMARY KEY,
  date_time text,
  venue_id bigint(20) DEFAULT NULL,
  what_id bigint(20) DEFAULT NULL,
  FOREIGN KEY (what_id) REFERENCES acts (id),
  FOREIGN KEY (venue_id) REFERENCES venues (id)
);

-- id,date_time,venue_id,what_id
INSERT INTO events VALUES (1,NULL,NULL,3);
INSERT INTO events VALUES (12,'2015-01-01 20:00:00.000',1,1);
INSERT INTO events VALUES (13,'2015-01-01 20:00:00.000',8,3);
INSERT INTO events VALUES (14,'2015-01-01 20:00:00.000',1,1);
INSERT INTO events VALUES (15,'2015-01-01 20:00:00.000',9,4);
INSERT INTO events VALUES (16,'2015-01-01 20:00:00.000',1,1);
INSERT INTO events VALUES (17,'2015-01-01 20:00:00.000',10,5);
INSERT INTO events VALUES (18,'2015-01-01 20:00:00.000',1,1);
INSERT INTO events VALUES (19,'2015-01-01 20:00:00.000',11,6);
INSERT INTO events VALUES (20,'2015-01-01 20:00:00.000',1,1);
INSERT INTO events VALUES (21,'2015-01-01 20:00:00.000',7,2);
INSERT INTO events VALUES (22,'2015-01-01 20:00:00.000',1,1);
INSERT INTO events VALUES (23,'2015-01-01 20:00:00.000',8,3);
INSERT INTO events VALUES (24,'2015-01-01 20:00:00.000',1,1);
INSERT INTO events VALUES (25,'2015-01-01 20:00:00.000',9,4);
INSERT INTO events VALUES (26,'2015-01-01 20:00:00.000',1,1);
INSERT INTO events VALUES (27,'2015-01-01 20:00:00.000',10,5);
INSERT INTO events VALUES (28,'2015-01-01 20:00:00.000',1,1);
INSERT INTO events VALUES (29,'2015-01-01 20:00:00.000',11,6);
INSERT INTO events VALUES (30,'2015-01-01 20:00:00.000',1,1);
INSERT INTO events VALUES (31,'2015-01-01 20:00:00.000',7,2);
INSERT INTO events VALUES (32,'2015-01-01 20:00:00.000',1,1);
INSERT INTO events VALUES (33,'2015-01-01 20:00:00.000',8,3);
INSERT INTO events VALUES (34,'2015-01-01 20:00:00.000',1,1);
INSERT INTO events VALUES (35,'2015-01-01 20:00:00.000',9,4);
INSERT INTO events VALUES (36,'2015-01-01 20:00:00.000',1,1);
INSERT INTO events VALUES (37,'2015-01-01 20:00:00.000',10,5);
INSERT INTO events VALUES (38,'2015-01-01 20:00:00.000',1,1);
INSERT INTO events VALUES (39,'2015-01-01 20:00:00.000',11,6);
INSERT INTO events VALUES (40,'2015-01-01 20:00:00.000',1,1);
INSERT INTO events VALUES (41,'2015-01-01 20:00:00.000',7,2);
INSERT INTO events VALUES (42,'2015-01-01 20:00:00.000',1,1);
INSERT INTO events VALUES (43,'2015-01-01 20:00:00.000',8,3);
INSERT INTO events VALUES (44,'2015-01-01 20:00:00.000',1,1);
INSERT INTO events VALUES (45,'2015-01-01 20:00:00.000',9,4);
INSERT INTO events VALUES (46,'2015-01-01 20:00:00.000',1,1);
INSERT INTO events VALUES (47,'2015-01-01 20:00:00.000',10,5);
INSERT INTO events VALUES (48,'2015-01-01 20:00:00.000',1,1);
INSERT INTO events VALUES (49,'2015-01-01 20:00:00.000',11,6);
INSERT INTO events VALUES (50,'2015-01-01 20:00:00.000',1,1);
INSERT INTO events VALUES (51,'2015-01-01 20:00:00.000',7,2);
INSERT INTO events VALUES (63,'2015-01-01 20:00:00.000',1,52);
INSERT INTO events VALUES (64,'2015-01-01 20:00:00.000',59,54);
INSERT INTO events VALUES (65,'2015-01-01 20:00:00.000',1,52);
INSERT INTO events VALUES (66,'2015-01-01 20:00:00.000',60,55);
INSERT INTO events VALUES (67,'2015-01-01 20:00:00.000',1,52);
INSERT INTO events VALUES (68,'2015-01-01 20:00:00.000',61,56);
INSERT INTO events VALUES (69,'2015-01-01 20:00:00.000',1,52);
INSERT INTO events VALUES (70,'2015-01-01 20:00:00.000',62,57);
INSERT INTO events VALUES (71,'2015-01-01 20:00:00.000',1,52);
INSERT INTO events VALUES (72,'2015-01-01 20:00:00.000',58,53);
INSERT INTO events VALUES (73,'2015-01-01 20:00:00.000',1,52);
INSERT INTO events VALUES (74,'2015-01-01 20:00:00.000',59,54);
INSERT INTO events VALUES (75,'2015-01-01 20:00:00.000',1,52);
INSERT INTO events VALUES (76,'2015-01-01 20:00:00.000',60,55);
INSERT INTO events VALUES (77,'2015-01-01 20:00:00.000',1,52);
INSERT INTO events VALUES (78,'2015-01-01 20:00:00.000',61,56);
INSERT INTO events VALUES (79,'2015-01-01 20:00:00.000',1,52);
INSERT INTO events VALUES (80,'2015-01-01 20:00:00.000',62,57);
INSERT INTO events VALUES (81,'2015-01-01 20:00:00.000',1,52);
INSERT INTO events VALUES (82,'2015-01-01 20:00:00.000',58,53);
INSERT INTO events VALUES (83,'2015-01-01 20:00:00.000',1,52);
INSERT INTO events VALUES (84,'2015-01-01 20:00:00.000',59,54);
INSERT INTO events VALUES (85,'2015-01-01 20:00:00.000',1,52);
INSERT INTO events VALUES (86,'2015-01-01 20:00:00.000',60,55);
INSERT INTO events VALUES (87,'2015-01-01 20:00:00.000',1,52);
INSERT INTO events VALUES (88,'2015-01-01 20:00:00.000',61,56);
INSERT INTO events VALUES (89,'2015-01-01 20:00:00.000',1,52);
INSERT INTO events VALUES (90,'2015-01-01 20:00:00.000',62,57);
INSERT INTO events VALUES (91,'2015-01-01 20:00:00.000',1,52);
INSERT INTO events VALUES (92,'2015-01-01 20:00:00.000',58,53);
INSERT INTO events VALUES (93,'2015-01-01 20:00:00.000',1,52);
INSERT INTO events VALUES (94,'2015-01-01 20:00:00.000',59,54);
INSERT INTO events VALUES (95,'2015-01-01 20:00:00.000',1,52);
INSERT INTO events VALUES (96,'2015-01-01 20:00:00.000',60,55);
INSERT INTO events VALUES (97,'2015-01-01 20:00:00.000',1,52);
INSERT INTO events VALUES (98,'2015-01-01 20:00:00.000',61,56);
INSERT INTO events VALUES (99,'2015-01-01 20:00:00.000',1,52);
INSERT INTO events VALUES (100,'2015-01-01 20:00:00.000',62,57);
INSERT INTO events VALUES (101,'2015-01-01 20:00:00.000',1,52);
INSERT INTO events VALUES (102,'2015-01-01 20:00:00.000',58,53);
INSERT INTO events VALUES (114,'2015-01-01 20:00:00.000',1,103);
INSERT INTO events VALUES (115,'2015-01-01 20:00:00.000',110,105);
INSERT INTO events VALUES (116,'2015-01-01 20:00:00.000',1,103);
INSERT INTO events VALUES (117,'2015-01-01 20:00:00.000',111,106);
INSERT INTO events VALUES (118,'2015-01-01 20:00:00.000',1,103);
INSERT INTO events VALUES (119,'2015-01-01 20:00:00.000',112,107);
INSERT INTO events VALUES (120,'2015-01-01 20:00:00.000',1,103);
INSERT INTO events VALUES (121,'2015-01-01 20:00:00.000',113,108);
INSERT INTO events VALUES (122,'2015-01-01 20:00:00.000',1,103);
INSERT INTO events VALUES (123,'2015-01-01 20:00:00.000',109,104);
INSERT INTO events VALUES (124,'2015-01-01 20:00:00.000',1,103);
INSERT INTO events VALUES (125,'2015-01-01 20:00:00.000',110,105);
INSERT INTO events VALUES (126,'2015-01-01 20:00:00.000',1,103);
INSERT INTO events VALUES (127,'2015-01-01 20:00:00.000',111,106);
INSERT INTO events VALUES (128,'2015-01-01 20:00:00.000',1,103);
INSERT INTO events VALUES (129,'2015-01-01 20:00:00.000',112,107);
INSERT INTO events VALUES (130,'2015-01-01 20:00:00.000',1,103);
INSERT INTO events VALUES (131,'2015-01-01 20:00:00.000',113,108);
INSERT INTO events VALUES (132,'2015-01-01 20:00:00.000',1,103);
INSERT INTO events VALUES (133,'2015-01-01 20:00:00.000',109,104);
INSERT INTO events VALUES (134,'2015-01-01 20:00:00.000',1,103);
INSERT INTO events VALUES (135,'2015-01-01 20:00:00.000',110,105);
INSERT INTO events VALUES (136,'2015-01-01 20:00:00.000',1,103);
INSERT INTO events VALUES (137,'2015-01-01 20:00:00.000',111,106);
INSERT INTO events VALUES (138,'2015-01-01 20:00:00.000',1,103);
INSERT INTO events VALUES (139,'2015-01-01 20:00:00.000',112,107);
INSERT INTO events VALUES (140,'2015-01-01 20:00:00.000',1,103);
INSERT INTO events VALUES (141,'2015-01-01 20:00:00.000',113,108);
INSERT INTO events VALUES (142,'2015-01-01 20:00:00.000',1,103);
INSERT INTO events VALUES (143,'2015-01-01 20:00:00.000',109,104);
INSERT INTO events VALUES (144,'2015-01-01 20:00:00.000',1,103);
INSERT INTO events VALUES (145,'2015-01-01 20:00:00.000',110,105);
INSERT INTO events VALUES (146,'2015-01-01 20:00:00.000',1,103);
INSERT INTO events VALUES (147,'2015-01-01 20:00:00.000',111,106);
INSERT INTO events VALUES (148,'2015-01-01 20:00:00.000',1,103);
INSERT INTO events VALUES (149,'2015-01-01 20:00:00.000',112,107);
INSERT INTO events VALUES (150,'2015-01-01 20:00:00.000',1,103);
INSERT INTO events VALUES (151,'2015-01-01 20:00:00.000',113,108);
INSERT INTO events VALUES (152,'2015-01-01 20:00:00.000',1,103);
INSERT INTO events VALUES (153,'2015-01-01 20:00:00.000',109,104);
INSERT INTO events VALUES (165,'2015-01-01 20:00:00.000',1,154);
INSERT INTO events VALUES (166,'2015-01-01 20:00:00.000',161,156);
INSERT INTO events VALUES (167,'2015-01-01 20:00:00.000',1,154);
INSERT INTO events VALUES (168,'2015-01-01 20:00:00.000',162,157);
INSERT INTO events VALUES (169,'2015-01-01 20:00:00.000',1,154);
INSERT INTO events VALUES (170,'2015-01-01 20:00:00.000',163,158);
INSERT INTO events VALUES (171,'2015-01-01 20:00:00.000',1,154);
INSERT INTO events VALUES (172,'2015-01-01 20:00:00.000',164,159);
INSERT INTO events VALUES (173,'2015-01-01 20:00:00.000',1,154);
INSERT INTO events VALUES (174,'2015-01-01 20:00:00.000',160,155);
INSERT INTO events VALUES (175,'2015-01-01 20:00:00.000',1,154);
INSERT INTO events VALUES (176,'2015-01-01 20:00:00.000',161,156);
INSERT INTO events VALUES (177,'2015-01-01 20:00:00.000',1,154);
INSERT INTO events VALUES (178,'2015-01-01 20:00:00.000',162,157);
INSERT INTO events VALUES (179,'2015-01-01 20:00:00.000',1,154);
INSERT INTO events VALUES (180,'2015-01-01 20:00:00.000',163,158);
INSERT INTO events VALUES (181,'2015-01-01 20:00:00.000',1,154);
INSERT INTO events VALUES (182,'2015-01-01 20:00:00.000',164,159);
INSERT INTO events VALUES (183,'2015-01-01 20:00:00.000',1,154);
INSERT INTO events VALUES (184,'2015-01-01 20:00:00.000',160,155);
INSERT INTO events VALUES (185,'2015-01-01 20:00:00.000',1,154);
INSERT INTO events VALUES (186,'2015-01-01 20:00:00.000',161,156);
INSERT INTO events VALUES (187,'2015-01-01 20:00:00.000',1,154);
INSERT INTO events VALUES (188,'2015-01-01 20:00:00.000',162,157);
INSERT INTO events VALUES (189,'2015-01-01 20:00:00.000',1,154);
INSERT INTO events VALUES (190,'2015-01-01 20:00:00.000',163,158);
INSERT INTO events VALUES (191,'2015-01-01 20:00:00.000',1,154);
INSERT INTO events VALUES (192,'2015-01-01 20:00:00.000',164,159);
INSERT INTO events VALUES (193,'2015-01-01 20:00:00.000',1,154);
INSERT INTO events VALUES (194,'2015-01-01 20:00:00.000',160,155);
INSERT INTO events VALUES (195,'2015-01-01 20:00:00.000',1,154);
INSERT INTO events VALUES (196,'2015-01-01 20:00:00.000',161,156);
INSERT INTO events VALUES (197,'2015-01-01 20:00:00.000',1,154);
INSERT INTO events VALUES (198,'2015-01-01 20:00:00.000',162,157);
INSERT INTO events VALUES (199,'2015-01-01 20:00:00.000',1,154);
INSERT INTO events VALUES (200,'2015-01-01 20:00:00.000',163,158);
INSERT INTO events VALUES (201,'2015-01-01 20:00:00.000',1,154);
INSERT INTO events VALUES (202,'2015-01-01 20:00:00.000',164,159);
INSERT INTO events VALUES (203,'2015-01-01 20:00:00.000',1,154);
INSERT INTO events VALUES (204,'2015-01-01 20:00:00.000',160,155);

CREATE TABLE feedbackform (
  id INTEGER PRIMARY KEY,
  comment varchar(255) DEFAULT NULL,
  custEmail varchar(255) DEFAULT NULL,
  custName varchar(255) DEFAULT NULL,
  date text
);

CREATE TABLE members (
  profilePhoto blob,
  id INTEGER PRIMARY KEY,
  nickName varchar(45) DEFAULT NULL,
  FOREIGN KEY (id) REFERENCES people (id)
);

CREATE TABLE movies (
  director varchar(255) DEFAULT NULL,
  id INTEGER PRIMARY KEY,
  FOREIGN KEY (id) REFERENCES acts (id)
);

CREATE TABLE order_items (
  id INTEGER PRIMARY KEY,
  quantity int(11) NOT NULL,
  sellable_id bigint(20) DEFAULT NULL,
  FOREIGN KEY (sellable_id) REFERENCES sellable (id)
);

CREATE TABLE orders (
  id INTEGER PRIMARY KEY,
  member_id bigint(20) DEFAULT NULL,
  FOREIGN KEY (member_id) REFERENCES members (id)
);

CREATE TABLE orders_order_items (
  orders_id bigint(20) NOT NULL,
  items_id bigint(20) NOT NULL,
  FOREIGN KEY (orders_id) REFERENCES orders (id),
  FOREIGN KEY (items_id) REFERENCES order_items (id)
);

CREATE TABLE people (
  id INTEGER PRIMAY KEY,
  city varchar(255) DEFAULT NULL,
  country varchar(255) DEFAULT NULL,
  postcode varchar(255) DEFAULT NULL,
  state varchar(255) DEFAULT NULL,
  street varchar(255) DEFAULT NULL,
  email varchar(255) DEFAULT NULL,
  firstName varchar(255) NOT NULL,
  lastName varchar(255) NOT NULL,
  middles varchar(255) DEFAULT NULL
);

INSERT INTO people VALUES (1,NULL,NULL,NULL,NULL,NULL,NULL,'System','Administrator',NULL);
INSERT INTO people VALUES (2,'Springfield','USA','12345','MA','1 Python Place','mike@wxyz.me','Mike','Woinoski',NULL);
INSERT INTO people VALUES (3,'Springfield','USA','97478','OR','123 Maple St','marge.simpson@gmail.com','Margret','Simpson','Emily');
INSERT INTO people VALUES (4,'Springfield','USA','97478','OR','123 Maple St','homer.simpson@gmail.com','Homer','Simpson','Virgil');
INSERT INTO people VALUES (5,'Springfield','USA','97478','OR','125 Maple St','ned.flanders@gmail.com','Ned','Flanders','Abraham');
INSERT INTO people VALUES (6,'Chicago','USA','34568','IL','123 Cool St','miles@jazz.com','Miles','Davis','');

CREATE TABLE sellable (
  id INTEGER PRIMARY KEY,
  price double NOT NULL
);

CREATE TABLE tickets (
  price double DEFAULT NULL,
  seatNumber varchar(255) DEFAULT NULL,
  id INTEGER PRIMARY KEY,
  event_id bigint(20) NOT NULL,
  FOREIGN KEY (event_id) REFERENCES events (id),
  FOREIGN KEY (id) REFERENCES sellable (id)
);

CREATE TABLE venues (
  id INTEGER PRIMARY KEY,
  city varchar(255) DEFAULT NULL,
  country varchar(255) DEFAULT NULL,
  lat double DEFAULT NULL,
  lng double DEFAULT NULL,
  name varchar(255) DEFAULT NULL,
  provState varchar(255) DEFAULT NULL,
  streetAddress varchar(255) DEFAULT NULL
);

INSERT INTO venues VALUES (1,'New York','US',40.764938,-73.979897,'Carnegie Hall','NY','881 Seventh Avenue');
INSERT INTO venues VALUES (2,'Toronto','CA',43.646596,-79.386413,'Roy Thompson Hall','ON','60 Simcoe Street');
INSERT INTO venues VALUES (7,NULL,NULL,NULL,NULL,'Rogers Stadium',NULL,NULL);
INSERT INTO venues VALUES (8,NULL,NULL,NULL,NULL,'Candlestick Park',NULL,NULL);
INSERT INTO venues VALUES (9,NULL,NULL,NULL,NULL,'Maple Leaf Gardens',NULL,NULL);
INSERT INTO venues VALUES (10,NULL,NULL,NULL,NULL,'United Centre',NULL,NULL);
INSERT INTO venues VALUES (11,NULL,NULL,NULL,NULL,'London Palladium',NULL,NULL);
INSERT INTO venues VALUES (58,NULL,NULL,NULL,NULL,'Rogers Stadium',NULL,NULL);
INSERT INTO venues VALUES (59,NULL,NULL,NULL,NULL,'Candlestick Park',NULL,NULL);
INSERT INTO venues VALUES (60,NULL,NULL,NULL,NULL,'Maple Leaf Gardens',NULL,NULL);
INSERT INTO venues VALUES (61,NULL,NULL,NULL,NULL,'United Centre',NULL,NULL);
INSERT INTO venues VALUES (62,NULL,NULL,NULL,NULL,'London Palladium',NULL,NULL);
INSERT INTO venues VALUES (109,NULL,NULL,NULL,NULL,'Rogers Stadium',NULL,NULL);
INSERT INTO venues VALUES (110,NULL,NULL,NULL,NULL,'Candlestick Park',NULL,NULL);
INSERT INTO venues VALUES (111,NULL,NULL,NULL,NULL,'Maple Leaf Gardens',NULL,NULL);
INSERT INTO venues VALUES (112,NULL,NULL,NULL,NULL,'United Centre',NULL,NULL);
INSERT INTO venues VALUES (113,NULL,NULL,NULL,NULL,'London Palladium',NULL,NULL);
INSERT INTO venues VALUES (160,NULL,NULL,NULL,NULL,'Rogers Stadium',NULL,NULL);
INSERT INTO venues VALUES (161,NULL,NULL,NULL,NULL,'Candlestick Park',NULL,NULL);
INSERT INTO venues VALUES (162,NULL,NULL,NULL,NULL,'Maple Leaf Gardens',NULL,NULL);
INSERT INTO venues VALUES (163,NULL,NULL,NULL,NULL,'United Centre',NULL,NULL);
INSERT INTO venues VALUES (164,NULL,NULL,NULL,NULL,'London Palladium',NULL,NULL);
